reporter_area_label,year,business_arrivals,personal_arrivals,tourists,total_arrivals,air_arrivals,expenditure,acc_establishments,acc_capacity,ALOS,exp_per_arrival,acc_guests,acc_overnights
Albania,2019,101200.0,6304800.0,6128000.0,6406000.0,783900.0,2458000000.0,1126.0,111772.0,2.58,383.7027786450203,736000.0,1987000.0
Albania,2020,115300.0,2542500.0,2604000.0,2658000.0,269800.0,1242855631.52582,1237.0,117147.0,2.34478633888797,467.5905310480888,280514.0,748363.0
Albania,2021,100200.0,5588400.0,5515000.0,5689000.0,764700.0,2479950546.40333,1256.0,121205.0,2.5646283437639,435.9202929167393,656500.0,1932096.0
Albania,2022,106300.0,7437500.0,7104700.0,7543800.0,1250000.0,3255061351.393,1385.0,139450.0,2.41304479106138,431.48828858042367,846359.0,2358400.0
Algeria,2019,158100.0,1775700.0,,2371000.0,,140000000.0,1417.0,,1.68,59.04681568958245,851000.0,1401000.0
Algeria,2020,35600.0,474500.0,,510100.0,,49782048.3008381,1449.0,,1.55587557603687,97.59272358525406,347000.0,540000.0
Algeria,2021,45400.0,21600.0,,67000.0,,79086785.22569819,1502.0,,,1180.3997794880327,,
Algeria,2022,56200.0,701200.0,,757400.0,,215931745.52938002,1576.0,,1.76196721311475,285.0960463815421,202000.0,394000.0
Andorra,2019,189400.0,8045600.0,3090000.0,8235000.0,,1910000000.0,230.0,44021.0,2.88,231.93685488767457,,5669000.0
Andorra,2020,155000.0,5052000.0,1872000.0,5207000.0,,1351283844.19222,225.0,43064.0,3.1,259.51293339585555,1325611.0,4014287.0
Andorra,2021,133000.0,5289000.0,1949000.0,5422000.0,,1924879673.55415,216.0,42546.0,2.59,355.01285015753416,1420710.0,3013170.0
Andorra,2022,121000.0,8304700.0,3555100.0,8425700.0,,2197525383.44084,226.0,43396.0,2.93,260.81220354876626,2729488.0,7150857.0
Andorra,2023,143000.0,9224600.0,4048100.0,9367600.0,,2516833419.73502,218.0,42152.0,2.69,268.6743050231671,3088765.0,8317190.000000001
Andorra,2024,109000.0,9537700.0,4167600.0000000005,9646700.0,,,219.0,41709.0,2.77,,3175722.0,8798327.0
Angola,2019,49500.0,168000.0,218000.0,217500.0,218000.0,395000000.0,235.0,32225.0,1.41,1816.0919540229886,339000.0,478000.0
Angola,2020,6300.0,57300.0,64000.0,63600.0,64000.0,18832565.6285968,235.0,32225.0,2.0,296.1095224622139,20000.0,40000.0
Angola,2021,6100.0,57600.0,64000.0,63700.0,64000.0,22798112.713946998,229.0,30149.0,1.79,357.89815877467817,67000.0,120000.0
Angola,2022,37000.0,92000.0,130000.0,129000.0,130000.0,24288939.1279717,247.0,34318.0,1.75,188.286349829238,275000.0,482000.0
Anguilla,2019,3300.0,163000.0,95000.0,166000.0,16700.0,177000000.0,,,,1066.2650602409637,,
Anguilla,2020,800.0,40300.0,25400.0,41100.0,5200.0,52036672.592592604,,,,1266.0990898441023,,
Anguilla,2021,700.0,28000.0,28400.0,28700.0,7800.0,63365547.7777777,,,,2207.8588075880734,,
Anguilla,2022,1600.0,94200.0,74100.0,95800.0,28100.0,243998984.074074,,,,2546.962255470501,,
Antigua and Barbuda,2019,15300.0,285700.0,301000.0,1035000.0,301000.0,994000000.0,,,,960.3864734299517,242000.0,
Antigua and Barbuda,2020,6420.0,118600.0,125000.0,143000.0,125083.0,430706778.888889,,,,3011.935516705518,106345.0,
Antigua and Barbuda,2021,5987.0,163400.0,169400.0,186400.0,169469.0,505740750.740741,,,,2713.2014524717865,151053.0,
Antigua and Barbuda,2022,11160.0,253900.0,265100.0,300100.0,265119.0,878242261.481482,,,,2926.498705369817,222260.0,
Antigua and Barbuda,2023,10000.0,272000.0,281800.0,320800.0,282000.0,932639760.0,,,,2907.2311720698253,233825.0,
Antigua and Barbuda,2024,15000.0,315000.0,330200.0,371200.0,330000.0,1055187037.77777,,,,2842.637494013389,273464.0,
Argentina,2019,588000.0,2332000.0,7399000.0,11131000.0,3065200.0,5654000000.0,15934.0,996418.0,2.33,507.95076812505613,4799000.0,10916000.0
Argentina,2020,74000.0,560000.0,2090000.0,3097000.0,694317.0,1793742804.09232,15787.0,993165.0,2.72792485055508,579.1872147537358,1186000.0,2659000.0
Argentina,2021,21200.0,153700.0,297000.0,460000.0,211141.0,433021003.190457,15894.0,991286.0,2.52799245994345,941.350006935776,221000.0,508000.0
Argentina,2022,213000.0,1446000.0,3890000.0,7503000.0,1691076.0,3693533653.56605,15713.0,982131.0,2.51099128992119,492.2742441111622,2684000.0,6391000.0
Argentina,2023,335000.0,2356000.0,7285688.0,13979108.0,2745615.0,5852139258.02395,15637.0,978050.0,2.46720233747261,418.63466953856783,4404000.0,10370000.0
Argentina,2024,352000.0,2408000.0,6603877.0,11358793.0,2826992.0,5385094942.5287,15899.0,991908.0,2.42903965912815,474.0904198649187,4172000.0,9855000.0
Armenia,2019,301000.0,1593400.0,1894000.0,1894400.0,980000.0,1553000000.0,,,11.0,819.7846283783783,,
Armenia,2020,56282.0,318900.0,360000.0,360000.0,198780.0,297409186.925816,,,,826.1366303494889,,
Armenia,2021,154000.0,716300.0,876000.0,876000.0,648654.0,813427196.465607,,,11.0,928.5698589790035,,
Armenia,2022,559727.0,1105900.0,1666000.0,1666000.0,1054282.0,2564721260.54748,,,11.0,1539.4485357427852,,
Aruba,2019,48000.0,1070900.0,1119000.0,1951000.0,1118900.0,2109000000.0,,35787.0,6.79,1080.984110712455,875000.0,5945000.0
Aruba,2020,19400.0,348900.0,368000.0,623000.0,368300.0,1079234148.89556,,35787.0,7.29,1732.3180560121348,279000.0,2035000.0
Aruba,2021,34300.0,772400.0,807000.0,943000.0,806600.0,1788201633.41269,,35787.0,6.93,1896.2901732902333,627000.0,4344000.0
Australia,2019,1841500.0,7624300.0,,9466000.0,9387400.0,47953000000.0,5637.0,,6.66,5065.814493978449,4515000.0,30087000.0
Australia,2020,405900.0,1421800.0,,1827700.0,1788600.0,26233965528.349102,5615.0,,3.14672822159775,14353.540257344806,826000.0,8219000.0
Australia,2021,54000.0,192300.0,,246300.0,246000.0,17131537905.280397,5757.0,,3.45385169796922,69555.57411806901,184000.0,11996000.0
Australia,2022,737100.0,2957300.0,,3694400.0,3675300.0,25323800973.3896,5892.0,,3.09461985608563,6854.645131385231,1324000.0,10345000.0
Azerbaijan,2019,850500.0,2319900.0,2876000.0,3170000.0,1285200.0,2004100000.0,642.0,73845.0,1.74,632.2082018927445,1317000.0,2241000.0
Azerbaijan,2020,177500.0,618200.0,587000.0,796000.0,219400.0,340533000.0,655.0,74882.0,1.49,427.80527638190955,267000.0,417000.0
Azerbaijan,2021,196700.0,595100.0,,792000.0,380200.0,368174000.0,712.0,78494.0,1.53,464.8661616161616,272000.0,414000.0
Azerbaijan,2022,400500.0,1201800.0,1508000.0,1602000.0,1042099.9999999999,942109000.0,757.0,83874.0,1.59,588.0830212234706,908000.0,1394000.0
Bahamas,2019,111300.0,1695600.0,1807000.0,7250000.0,1662400.0,4150000000.0,322.0,52881.0,6.04,572.4137931034483,1589000.0,9605000.0
Bahamas,2020,38284.0,402322.0,441000.0,1780270.0,410370.0,972208255.25,312.0,47880.0,6.82,546.1015774292664,389490.0,2655041.0
Bahamas,2021,31345.0,861096.0,892000.0,2022570.0,833300.0,2334131124.5,317.0,47172.0,6.48,1154.0421960673796,782364.0,5072620.0
Bahamas,2022,84035.0,1368394.0,1452400.0,6892410.0,1356830.0,4230703595.0,317.0,47172.0,5.94,613.8206512671185,1290395.0,7660309.0
Bahamas,2023,66785.0,1805273.0,1872059.0,9654799.0,1730830.0,4764041356.0,262.0,46716.0,5.61,493.4376527155045,1489581.0,8356170.0
Bahamas,2024,63248.0,1805868.0,1869133.0,11232029.0,1707130.0,5543217731.841061,282.0,48291.0,5.34,493.51882298746386,1472505.0,7868468.0
Bahrain,2019,895200.0,10166000.0,3849000.0,11061000.0,,3860000000.0,134.0,44506.3791908583,2.02,348.9738721634572,3502000.0,11158000.0
Bahrain,2020,62915.6736938588,764084.326306141,827000.0,1909000.0,,4356574468.085111,172.0,36796.0,2.14191953140568,2282.1238701336356,644387.345642737,1338624.29571667
Bahrain,2021,166000.0,2016000.0,2182000.0,3612000.0,,1655000000.0,199.0,43156.0,3.10273800947271,458.1949058693245,1700561.0544308699,5290137.01309039
Bahrain,2022,289000.0,3423000.0,3712000.0,9949000.0,,2851000000.0,217.0,47118.0,2.9762941659327,286.56146346366467,2893437.63658476,8627271.85012571
Bahrain,2023,304942.88304623804,5179057.116953759,5484000.0,12406000.0,,,233.0,48882.0,2.55273121784651,,4274858.81839246,10936133.1327569
Bahrain,2024,367000.0,6250000.0,6618000.0,14882000.0,,4227000000.0,249.0,51241.0,2.42375652616319,284.0344039779599,5158508.63270873,12515775.5359779
Barbados,2019,45200.0,477300.0,523000.0,966000.0,522600.0,1250000000.0,,,,1293.9958592132505,,
Barbados,2020,17905.0,157849.0,207400.0,545800.0,207400.0,578000000.0,,,,1058.9959692194943,,
Barbados,2021,10949.0,125179.0,144800.0,242200.0,144800.0,627000000.0,,,,2588.7696118909994,,
Barbados,2022,52354.0,450288.0,539700.0,897600.0,539700.0,928600000.0,,,,1034.536541889483,,
Barbados,2023,66815.0,508593.0,636045.8999999999,636045.8999999999,,,,,,,,
Barbados,2024,57126.0,586697.0,704340.0,704340.0,,,,,,,,
Belarus,2019,2892900.0,8939100.0,2206000.0,11832000.0,1198900.0,1290000000.0,615.0,59498.0,2.2,109.026369168357,1116000.0,2398000.0
Belarus,2020,823300.0,2775100.0,577000.0,3598000.0,438400.0,546000000.0,613.0,58999.0,2.48646125116713,151.75097276264592,320000.0,772000.0
Belarus,2021,728900.0,2632100.0,787000.0,3361000.0,414200.0,661529396.46,592.0,57489.0,2.36474576271186,196.82517002677776,402000.0,1102000.0
Belarus,2022,732300.0,4188100.0000000005,1492000.0,4920000.0,416400.0,,592.0,57672.0,2.13698630136986,,797000.0,1677000.0
Belgium,2019,3148400.0,6194900.0,9343000.0,9343300.0,,10516000000.0,4077.0,280622.0,1.86,1125.5123992593624,6800000.0,12669000.0
Belgium,2020,840174.0,1744000.0,2584000.0,2584000.0,,7887755192.64543,3925.0,275749.0,1.778673422386,3052.536839259067,1804000.0,3480000.0
Belgium,2021,1035650.0000000001,2207400.0,3243000.0,3243000.0,,8305291582.828309,3652.0,275213.0,1.72769060072912,2560.990312312152,2313000.0,4341000.0
Belgium,2022,2371377.0,5848800.0,8220000.0,8220000.0,,9697274910.17319,3711.0,284400.0,1.78963442850532,1179.7171423568357,5728000.0,10916000.0
Belgium,2023,2849000.0,6431000.0,9280000.0,9280000.0,,10657724086.3003,1406.0,212055.0,1.8052470485352,1148.461647230636,6446000.0,12345000.0
Belgium,2024,2984000.0,6654000.0,9638000.0,9638000.0,,10451387219.9678,1375.0,212609.0,1.79346987745308,1084.3937767138202,6628000.0,12595000.0
Belize,2019,13200.0,490000.0,503000.0,1674000.0,384400.0,,987.0,23078.0,6.1,,,
Belize,2020,9000.0,135100.0,144100.0,487000.0,110400.0,247118946.121948,924.0,22097.0,6.26,507.431100866423,,
Belize,2021,15600.0,203500.0,219000.0,437000.0,201600.0,374116275.80122095,786.0,19517.0,,856.1013176229312,,
Benin,2019,171200.0,138200.0,309000.0,337000.0,115000.0,240860000.0,1253.0,57337.0,5.51,714.7181008902077,,1705000.0
Benin,2020,153600.0,171300.0,325000.0,354000.0,121100.0,202451895.235728,1315.0,60204.0,5.51,571.8980091404745,,1791000.0
Bermuda,2019,47300.0,222200.0,269000.0,805000.0,269000.0,601000000.0,41.0,7706.0,4.7,746.583850931677,194000.0,911000.0
Bermuda,2020,9400.0,32700.000000000004,42100.0,51400.0,42100.0,93518904.81468,41.0,7370.0,6.61,1819.4339458108948,27400.0,181000.0
Bermuda,2021,6100.0,66000.0,72200.0,86400.0,72200.0,142856105.936036,41.0,7322.0,6.2,1653.4271520374537,44000.0,273000.0
Bermuda,2022,23000.0,122900.0,145900.0,548500.0,145900.0,398629348.71766603,42.0,8348.0,5.12,726.7627141616518,99000.0,507000.0
Bhutan,2019,17400.0,298200.0,316000.0,315600.0,142900.0,120000000.0,160.0,12112.0,,380.22813688212926,,2210000.0
Bhutan,2020,2300.0,27500.0,29800.0,29800.0,11200.0,84389321.77893911,173.0,12926.0,,2831.8564355348694,,216000.0
Bhutan,2021,,1.0,1.0,,1.0,1756412.14561593,182.0,13500.0,,,,113.0
Bolivia (Plurinational State of),2019,,1089300.0,1239000.0,,383000.0,977000000.0,1489.0,83384.0,1.52,,566000.0,860000.0
Bolivia (Plurinational State of),2020,39200.0,284100.0,323300.0,323300.0,107500.0,239584930.830453,1229.0,67637.0,1.35,741.0607201684287,132219.0,179000.0
Bolivia (Plurinational State of),2021,8751.0,158100.0,180000.0,166851.0,127200.0,268368849.00902402,1270.0,70560.0,1.39,1608.4341658666956,90237.0,125000.0
Bolivia (Plurinational State of),2022,118434.0,549200.0,724000.0,667634.0,264200.0,674519264.822447,1424.0,80387.0,,1010.3129331676441,209118.0,
Bosnia and Herzegovina,2019,236000.0,962000.0,1198000.0,1198000.0,570000.0,1225000000.0,690.0,57687.0,2.0,1022.5375626043406,1139000.0,2283000.0
Bosnia and Herzegovina,2020,46000.0,151000.0,197000.0,197000.0,113000.0,442814561.504098,498.0,44605.0,2.41299790356394,2247.789652305066,189000.0,469000.0
Bosnia and Herzegovina,2021,90700.0,411200.0,502000.0,502000.0,360000.0,1061217291.6730101,583.0,52375.0,2.26049515608181,2113.978668671335,485000.0,1157000.0
Bosnia and Herzegovina,2022,144000.0,770900.0,915000.0,915000.0,658300.0,1492004850.08049,623.0,56991.0,2.13135593220339,1630.6063935305904,882000.0,1917000.0
Bosnia and Herzegovina,2023,144000.0,1054000.0,1198000.0,1198000.0,,1925718202.96645,617.0,56918.0,2.0646884272997,1607.4442428768364,1159000.0,2421000.0
Bosnia and Herzegovina,2024,140000.0,1249000.0,1388775.0,1388775.0,,2023636942.14368,640.0,61209.0,2.02020202020202,1457.1380836663102,1344000.0,2730000.0
Botswana,2019,273800.0,1180800.0,1454600.0,1555400.0,120400.0,712400000.0,,,,458.01723029445805,,
Botswana,2020,69300.0,259200.0,328500.0,358200.0,14800.0,116966005.22117999,,,,326.53826136566164,,
Botswana,2021,110700.0,203100.0,314000.0,338000.0,36600.0,207735611.496777,,,,614.6024008780385,,
Brazil,2019,978400.0,5374800.0,6353000.0,6353200.0,4288500.0,6127000000.0,,,,964.3958949820562,,
Brunei Darussalam,2019,43500.0,289800.0,333000.0,4449000.0,333200.0,,89.0,11812.0,2.34,,,
Brunei Darussalam,2020,8800.0,53500.0,62300.0,1071000.0,62300.0,37738403.946812,90.0,11912.0,4.5,35.236604992354806,,
Brunei Darussalam,2021,2100.0,1400.0,3500.0,110000.0,3500.0,30066992.5217871,90.0,11912.0,5.8,273.33629565261,,
Bulgaria,2019,1761200.0,10791000.0,7775000.0,12552000.0,,4832000000.0,2166.0,415079.0,3.33,384.95857233906946,3959000.0,17032000.0
Bulgaria,2020,731500.0,4241800.0,1290000.0,4973000.0,,1845140000.0,1960.0,340647.0,2.97,371.03157048059524,1142500.0,4527000.0
Bulgaria,2021,866400.0,6322000.0,2300000.0,7188000.0,,2720340000.0,1960.0,369344.0,3.12,378.4557595993322,1845000.0,7818000.0
Bulgaria,2022,1235100.0,9652900.0,5557000.0,10888000.0,,3792600000.0,2276.0,424243.0,3.17,348.3284349742836,2984000.0,12557000.0
Burkina Faso,2019,372800.0,196600.0,143000.0,569400.0,133000.0,173000000.0,871.0,43140.0,2.16,303.82859149982437,143000.0,516000.0
Burkina Faso,2020,247470.0,188100.0,67000.0,67000.0,53517.0,127690598.040944,943.0,45733.0,2.11009174311927,1905.8298215066268,67000.0,200000.0
Burkina Faso,2021,284010.0,235800.0,106000.0,106000.0,94483.0,144818369.516179,1035.0,48896.0,2.05576923076923,1366.2110331715,106000.0,335000.0
Burkina Faso,2022,270982.0,259700.0,116000.0,116000.0,111862.0,128605480.44415799,1091.0,50031.0,2.06628693699803,1108.667934863431,115904.0,363000.0
Burkina Faso,2023,296608.0,-175608.0,121000.0,121000.0,121606.0,201202110.71899801,1255.0,58790.0,2.03217077359879,1662.8273613140332,120803.0,358813.0
Burkina Faso,2024,255131.0,-123131.0,132000.0,132000.0,129104.00000000001,,1391.0,63943.0,2.15280731962592,,132340.0,441660.0
Cambodia,2019,1371400.0,5239200.0,6611000.0,6610600.0,4404000.0,5312000000.0,3755.0,228226.0,,803.5579221250719,,
Cambodia,2020,272000.0,1034200.0,1306000.0,1306200.0,756300.0,1118955020.85515,3783.0,216591.0,,856.6490743034375,,
Cambodia,2021,91100.0,105300.0,196400.0,196400.0,99800.0,196652576.56929898,3284.0,213945.0,,1001.2860314119093,,
Cambodia,2022,431000.0,1845600.0,2276600.0,2276600.0,791600.0,1529325743.985,,,,671.7586506127558,,
Canada,2019,14169200.0,18260800.0,22145000.0,32430000.0,10999000.0,,,,,,,
Canada,2023,10780000.0,16429000.0,18344000.0,27209000.0,9364000.0,45409921853.388306,18168.0,,2.16295899222728,1668.9302015284761,7087000.0,23099000.0
Canada,2024,11855000.0,17963000.0,19913000.0,29818000.0,10269000.0,49886032445.2887,18569.0,,2.11612934692484,1673.0173869907,6612000.0,21052000.0
Cayman Islands,2019,31000.0,471800.0,503000.0,2334000.0,503000.0,964000000.0,,27928.0,5.9,413.0248500428449,403000.0,2377700.0
Cayman Islands,2020,7900.0,113900.0,122000.0,660000.0,121800.0,259460090.39547,,28714.0,6.1,393.12134908404545,94000.0,573400.0
Central African Republic,2019,40200.0,47100.0,87000.0,87300.0,87000.0,21500000.0,87.0,4212.0,2.1,246.27720504009164,,
Central African Republic,2020,1200.0,33400.0,34600.0,34600.0,35000.0,30900000.0,91.0,4312.0,2.37,893.0635838150289,,
Chad,2020,3300.0,7100.0,11000.0,10400.0,11000.0,,45.0,5430.0,1.38,,10400.0,14300.0
Chad,2021,17400.0,15700.0,40000.0,33100.0,40000.0,,45.0,6016.0,1.4,,31500.0,44000.0
Chile,2019,487600.0,4030400.0,4518000.0,5431000.0,2078900.0,3316000000.0,5024.0,,2.01,610.5689559933713,3732000.0,8025000.0
Chile,2020,,,1119094.0,1310432.0,422572.0,840940903.218884,5153.0,,2.13,641.7279974992094,2694197.43073593,5540844.04733045
Chile,2022,,,2030479.0,2269156.0,1135339.0,2050772237.9789002,,,2.06,903.7599168937262,6221797.11868687,12161884.7349928
Chile,2023,384968.569645358,3345538.43064234,3730507.0,4255034.0,1758494.0,3677251769.40479,,,2.02,864.2120766613828,6587088.2862193305,13336861.8983045
China,2019,6284700.0,42828800.0,65725000.0,162538000.0,25298600.0,,8920.0,3281600.0,,,,
"China, Hong Kong Special Administrative Region",2019,3033100.0,20719300.0,23752000.0,55913000.0,11869800.0,33045000000.0,1823.0,,,591.0074580151306,,
"China, Hong Kong Special Administrative Region",2023,1942700.0,32056900.0,17159300.0,33999600.0,,20866296730.688198,1636.0,,,613.7218299829468,,
"China, Hong Kong Special Administrative Region",2024,2241000.0,42261800.0,21943900.0,44502800.0,,22458415752.531097,1585.0,,,504.65174668854763,,
Colombia,2019,460300.0,2353700.0,4169000.0,4531000.0,2671100.0,6784000000.0,21447.0,844053.0,,1497.241227102185,,
Colombia,2020,88480.0,814300.0,1252000.0,1386617.0,758200.0,1931838294.25781,22713.0,821748.0,,1393.2025168145278,,
Colombia,2021,91900.0,1306100.0,2127000.0,2145811.0,1234000.0,3238625595.58745,23708.0,833832.0,,1509.2781216926608,,
Colombia,2022,207200.0,3097300.0,4519000.0,4721656.0,2901700.0,7330254261.8893,38523.0,968156.0,,1552.4752887311784,,
Comoros,2019,8100.0,37000.0,45100.0,45100.0,45100.0,72700000.0,72.0,2304.0,7.0,1611.9733924611974,,
Comoros,2020,1491.0,5470.0,7000.0,7000.0,6959.0,18474905.0766221,68.0,2271.0,7.0,2639.272153803157,3300.0,23100.0
Comoros,2021,3936.0,24900.0,28800.0,28800.0,28800.0,71921933.2103127,71.0,2460.0,7.0,2497.289347580302,13800.0,96600.0
Cook Islands,2019,6000.0,165600.0,172000.0,171600.0,,227800000.0,,,,1327.5058275058275,,
Cook Islands,2020,600.0,24600.0,25200.0,25200.0,,37000000.0,,,,1468.2539682539682,,
Cook Islands,2021,400.0,26000.0,26300.0,26400.0,,43000000.0,,,,1628.7878787878788,,
Cook Islands,2022,1900.0,111600.0,113600.0,113500.0,,,,,,,,
Costa Rica,2019,161200.0,2977800.0,3139000.0,3378300.0,2418300.0,4339000000.0,2890.0,,12.56,1284.3737974721014,,
Costa Rica,2021,52952.0,1294103.0,1347055.0,1375793.0,1270483.0,1834338120.45467,3006.0,,13.62,1333.2951399336018,,
Costa Rica,2022,99988.0,2249549.0,2349537.0,2555904.0,2117960.0,4031080962.77324,3133.0,,13.55,1577.1644642260585,,
Costa Rica,2023,227089.0,2524045.0,2751134.0,3092779.0,2471150.0,4958292998.38613,2987.0,,,1603.1837381158273,,
Costa Rica,2024,168366.0,2751117.0,2919483.0,3220646.0,2661488.0,5616290664.59791,3068.0,,,1743.8397963010868,,
Cuba,2019,24800.0,4238300.0,4263000.0,4276000.0,4263000.0,2645000000.0,406.0,183795.0,6.62,618.5687558465856,2945000.0,19486000.0
Cuba,2020,5100.0,1079700.0,1085000.0,1086000.0,1085000.0,1152000000.0,341.0,175441.0,3.58,1060.7734806629835,1815000.0,6490000.0
Cuba,2021,4600.0,351700.0,355500.0,356400.0,356000.0,417000000.0,339.0,178897.0,5.07,1170.03367003367,647000.0,3282000.0
Cuba,2022,12200.0,1601200.0,1613400.0,1614100.0,1613000.0,1049500000.0,350.0,185886.0,5.0,650.2075460008674,1687000.0,8442000.0
Curaçao,2019,20460.0,443200.0,464000.0,1293000.0,483100.0,706000000.0,,,8.2,546.0170146945089,281000.0,2341000.0
Curaçao,2020,4900.0,170000.0,175000.0,436000.0,180200.0,282508141.893855,,,9.4,647.9544538849884,104000.0,987000.0
Curaçao,2021,14500.0,250400.0,265000.0,418000.0,272100.0,553164545.357542,,,10.8,1323.360156357756,173000.0,1719000.0
Curaçao,2022,21300.0,468300.0,489600.0,1034200.0,500600.0,995076978.027933,,,9.5,962.1707387622636,283000.0,2391500.0
Cyprus,2019,248500.0,3728300.0,3977000.0,4117000.0,4004600.0,3251000000.0,,133263.0,5.42,789.6526597036677,2689000.0,16560000.0
Cyprus,2020,74022.0,557588.0,631609.0,631609.0,,734313511.757801,,134074.0,3.37274166885849,1162.607739531579,532321.7022921221,2633160.0443316903
Cyprus,2021,111729.0,1825203.0,1936931.0,1936931.0,,2099709321.06081,,133669.0,4.60045901003816,1084.0392977658007,1404355.4672780498,8193773.130218901
Cyprus,2022,195795.0,3005285.0,3201080.0,3201080.0,,2879789602.2897496,,130023.0,5.0540646457952,899.6306253794812,2173160.40662538,12932333.789559
Cyprus,2023,240398.0,3605253.0,3845652.0,3845652.0,,3646336316.07936,,125070.0,4.94045284575897,948.1711595535321,2536974.92083807,14427849.295921
Cyprus,2024,278878.0,3761323.0,4040200.0,4040200.0,,3906131523.50423,,139180.0,4.81852879061779,966.8163762942997,3026624.53178297,16537635.2284632
Côte d’Ivoire,2019,885700.0,1184500.0,,2070000.0,790000.0,550000000.0,,148608.0,3.0,265.7004830917874,,
Côte d’Ivoire,2020,286200.0,382000.0,,668000.0,284100.0,199211644.611519,,159351.0,2.0,298.2210248675434,,
Côte d’Ivoire,2021,246700.0,329100.0,,576000.0,576000.0,314948960.471477,,191154.0,2.0,546.7863897074253,,
Denmark,2019,1526000.0,30539000.0,14725000.0,32065000.0,,,570.0,153566.0,2.01,,3806000.0,7664000.0
Denmark,2020,373000.0,15658000.0,6229000.0,16031000.0,,3987901714.3749404,607.0,161325.0,1.81800505541513,248.76188100398855,904000.0,1971000.0
Denmark,2021,483000.0,17888800.0,7555000.0,18372000.0,,4426763066.14039,606.0,167798.0,1.82369389256806,240.951614747463,1251000.0,2757000.0
Denmark,2022,1243000.0,30287000.0,14190000.0,31530000.0,,8385978884.544629,618.0,174688.0,1.84032733847179,265.968248796214,3375000.0,7083000.0
Djibouti,2019,72400.0,95100.0,167000.0,167500.0,168000.0,,39.0,3835.0,,,,177000.0
Djibouti,2020,41500.0,33300.0,75000.0,74800.0,75000.0,29686981.2796462,38.0,3708.0,,396.8847764658583,,153000.0
Djibouti,2021,54600.0,59500.0,114000.0,114100.0,114000.0,38386009.5317942,42.0,3879.0,,336.4242728465749,,167000.0
Djibouti,2022,68100.0,76800.0,145000.0,144900.0,145000.0,45508570.730527095,42.0,4236.0,,314.06881111474877,,175000.0
Dominica,2019,9300.0,80200.0,90000.0,322000.0,50000.0,,57.0,,9.67,,27000.0,261090.0
Dominica,2020,2700.0,19100.0,22000.0,140000.0,13200.0,34879554.4444444,68.0,,10.74,249.1396746031743,7000.0,75180.0
Dominica,2021,3200.0,11800.0,15000.0,66000.0,14400.0,25248050.3703704,109.0,,16.83,382.5462177328848,7000.0,117810.0
Dominica,2022,5900.0,55200.0,61000.0,235000.0,38500.0,75218507.7777778,,,10.29,320.07875650118217,20000.0,205800.0
Dominican Republic,2019,122500.0,6323500.0,6446000.0,7550000.0,6446000.0,,887.0,,8.52,,,46647000.0
Dominican Republic,2020,80060.0,2325250.0,2405310.0,2748182.0,2405310.0,2674800000.0,905.0,,9.06,973.2979839035406,1699194.0,15394697.64
Dominican Republic,2021,113614.0,4880699.0,4994313.0,5327447.0,4994313.0,5697100000.0,894.0,,9.55,1069.3865185331736,3655221.0,34907360.55
Dominican Republic,2022,249481.0,6913933.0,7163414.0,8488856.0,7163414.0,8395299999.999999,929.0,,8.58,988.9789625362945,5805364.22436444,49782522.5151552
Dominican Republic,2023,331897.01204500603,7726773.23588256,8058671.274029041,10317612.274029,8058671.274029041,9751000000.0,988.0,,8.02,945.0830038016403,6730802.1381496405,53991523.1853647
Dominican Republic,2024,354697.64864813996,8181002.904718489,8535700.72276276,11162229.7227628,8535700.72276276,10972400000.0,1001.0,,8.01,982.9935660277904,7125362.4968257,57085701.1238847
Ecuador,2019,311200.0,1796400.0,,2108000.0,1220500.0,2193700000.0,4191.0,265720.0,7.0,1040.6546489563568,1576000.0,11031000.0
Ecuador,2020,120500.0,386900.0,,507000.0,394600.0,703830974.657045,3076.0,141351.0,7.0,1388.226774471489,378000.0,2646000.0
Ecuador,2021,216000.0,453400.0,,669000.0,651300.0,1060066501.68424,3434.0,157170.0,7.0,1584.5538141767413,499000.0,3493000.0
Ecuador,2022,141000.0,1124000.0,,1265000.0,1040099.9999999999,1802627577.53718,3817.0,171419.0,7.0,1425.0020375787983,945000.0,6615000.0
Egypt,2019,116000.0,12759600.0,12876000.0,13026000.0,11316600.0,14256000000.0,1204.0,625203.0,,1094.42653155228,,
El Salvador,2019,112200.0,1653400.0,1766000.0,2639000.0,772900.0,1664000000.0,578.0,26258.0,8.8,630.5418719211823,715000.0,3488000.0
El Salvador,2020,33222.0,516000.0,549000.0,766000.0,292964.0,755355867.365712,291.0,15718.0,10.7,986.1042654904857,172656.961004713,1840719.14751554
El Salvador,2021,47514.0,1171400.0,1219000.0,1436000.0,812991.0,1225235921.65828,315.0,16406.0,11.2,853.228357700752,243000.0,2729982.46525331
El Salvador,2022,101022.0,1790200.0,1891000.0,2541000.0,1010224.0,2235097732.7782598,352.0,17475.0,8.5,879.613432813168,556000.0,4717566.7097148895
El Salvador,2023,145476.913861226,2333622.64650909,2479099.56037024,3374178.91495024,1412028.00000021,3194540313.06462,392.0,18883.0,9.46,946.7607953183274,832845.324612676,7879688.25222776
El Salvador,2024,321439.859684604,2865548.68048453,3186988.54016912,3956794.17364871,1611122.99999973,3922236400.7401204,433.0,19917.0,7.67,991.266219218898,1177555.3401667802,9027780.95731532
Eswatini,2019,185000.0,1040000.0,680000.0,1226000.0,19000.0,14300000.0,165.0,9956.0,1.09,11.66394779771615,244000.0,265960.0
Eswatini,2020,49400.0,296000.0,193700.0,345300.0,11400.0,7043440.49804999,178.0,10270.0,1.37,20.398032140312743,71000.0,97270.0
Eswatini,2021,71000.0,139700.0,170300.0,210700.0,11600.0,7778913.37369999,176.0,9223.0,1.66,36.9193800365448,34000.0,56440.0
Eswatini,2022,85400.0,417100.0,393000.0,502500.0,37200.0,12232036.9122372,189.0,9391.0,1.48,24.34236201440239,88600.0,131128.0
Ethiopia,2019,176600.0,635000.0,812000.0,811600.0,767800.0,3529000000.0,1555.0,106834.0,,4348.201084277969,,
Ethiopia,2021,22747.0,495400.0,518000.0,518000.0,474452.0,2601015044.44303,,,,5021.264564561834,,
Ethiopia,2022,33488.0,863100.0,897000.0,897000.0,853752.0,3883096608.22847,,,,4328.981726007213,,
Ethiopia,2023,86000.0,117000.0,247000.0,1076000.0,1021000.0,4995332397.072949,,,,4642.502227762964,,
Ethiopia,2024,226000.0,258000.0,536000.0,1261000.0,1187000.0,,,,,,,
Fiji,2019,56900.0,837400.0,894000.0,969000.0,,1345000000.0,,33606.0,,1388.0288957688338,,3773000.0
Fiji,2020,10202.0,136700.0,146900.0,168200.0,,236995731.8184,,20970.0,,1409.0114852461356,,736000.0
Fiji,2021,2162.0,29400.0,32000.0,32000.0,,65862517.7956623,,22574.0,,2058.2036811144467,,141300.0
Fiji,2022,19922.0,616400.0,636300.0,652200.0,,1069496573.57167,,28050.0,,1639.8291529771084,,2275000.0
Finland,2023,1143000.0,3105000.0,4248000.0,4710000.0,2783000.0,5857285253.68368,1173.0,255203.0,1.83721399052515,1243.5849795506751,2097000.0,4682000.0
Finland,2024,1200000.0,3280000.0,4475000.0,4960000.0,2894000.0,6076182832.28728,1169.0,261166.0,1.79533626901521,1225.036861348242,2348000.0,5154000.0
France,2019,11261200.0,79652780.0,90914000.0,217877000.0,29395100.0,70786000000.0,17733.0,1973463.0,2.04,324.8897313621906,37376000.0,76424000.0
French Guiana,2020,14700.0,34810.0,49000.0,49000.0,49000.0,,26.0,,,,11500.0,
French Guiana,2021,15960.0,26000.0,42000.0,42000.0,42000.0,,31.0,,,,8300.0,
French Guiana,2022,26280.0,47450.0,73000.0,73000.0,73000.0,,29.0,,23.35,,17000.0,397000.0
French Guiana,2023,27720.0,48520.0,77000.0,77000.0,77000.0,,32.0,,19.09,,22000.0,420000.0
French Guiana,2024,29240.0,56780.0,86000.0,86000.0,86000.0,,32.0,,18.86,,22000.0,415000.0
French Polynesia,2019,14300.0,222300.0,237000.0,282000.0,237000.0,,337.0,14571.0,14.9,,209000.0,2727000.0
French Polynesia,2020,5500.0,71600.0,77000.0,89000.0,77000.0,,342.0,15064.0,18.2,,66400.0,1032000.0
French Polynesia,2021,6400.0,76200.0,83000.0,95000.0,83000.0,,332.0,14323.0,20.9,,70000.0,1239000.0
French Polynesia,2022,12000.0,206700.0,218800.0,261399.99999999997,219000.0,,,,17.1,,195000.0,2960000.0
Gambia,2019,4000.0,231700.0,620000.0,235700.0,235800.0,157000000.0,49.0,11340.0,,666.1009758167162,,
Gambia,2021,6400.0,96000.0,332000.0,102400.0,102400.0,67386561.9393391,49.0,11899.0,,658.0718939388585,,
Gambia,2022,18600.0,164200.0,570000.0,182800.0,182800.0,164373401.056793,52.0,12197.0,,899.1980364157166,,
Georgia,2019,831500.0,6894300.0,5080400.0,7726000.0,1829300.0,3551000000.0,1682.0,111399.0,,459.6168780740357,2868000.0,
Georgia,2022,293000.0,3360000.0,3653000.0,4704000.0,1505000.0,3781602201.96,2213.0,143641.0,,803.9120327295918,2981000.0,
Georgia,2023,403000.0,4266000.0,4669000.0,6171000.0,1870000.0,4516723751.9800005,,,,731.9273621746881,3009000.0,
Georgia,2024,357000.0,4735000.0,5092000.0,6456000.0,2353000.0,4883330116.5,,,,756.4018148234201,3698000.0,
Ghana,2019,621700.0,508700.0,1130000.0,1130400.0,,1490000000.0,,115890.0,10.0,1318.1174805378628,,
Ghana,2020,196400.0,158700.0,355000.0,355100.0,,191032928.07963398,,114349.0,12.0,537.9693834965756,,
Ghana,2021,276800.0,346700.0,624000.0,623500.0,,611001971.511414,,,14.0,979.9550465299343,,
Grenada,2019,10800.0,152100.0,188000.0,526000.0,163000.0,,91.0,4954.0,9.06,,99000.0,896940.0
Grenada,2020,3000.0,40800.0,54200.0,217000.0,43800.0,185515343.333333,95.0,5733.0,9.31,854.9094162826404,27500.0,256025.0
Grenada,2021,2900.0,39100.0,47000.0,72000.0,42100.0,232359632.59259298,119.0,5860.0,12.65,3227.2171193415693,29494.0,373099.1
Grenada,2022,7900.0,124900.0,149000.0,335000.0,133200.0,448552506.296296,122.0,5739.0,9.27,1338.9627053620777,107000.0,991890.0
Guam,2019,51200.0,1604400.0,1667000.0,1655600.0,1655700.0,,,,,,1309000.0,
Guam,2020,9799.0,264100.0,328173.0,328173.0,326592.0,,,,,,249244.0,
Guam,2021,5074.0,56700.0,79389.0,79389.0,78469.0,,,,,,35694.0,
Guam,2022,13985.0,261899.99999999997,326878.0,326878.0,326119.0,,,,,,238418.0,
Guam,2023,42401.0,474529.0,656518.0,656518.0,652842.0,,,,,,513253.00000000006,
Guam,2024,46028.0,538756.0,739146.0,739146.0,730192.0,,,,,,586303.0,
Guatemala,2019,356400.0,2203200.0,1752400.0,2560000.0,806200.0,1227200000.0,3379.0,210327.0,,479.375,,
Guatemala,2020,84700.0,509300.0,395700.0,594000.0,205400.0,328460020.0,3441.0,215849.0,,552.9629966329966,,
Guatemala,2021,134400.0,531600.0,602100.0,666000.0,358700.0,393280890.0,3372.0,212921.0,,590.5118468468469,,
Guatemala,2022,310600.0,1534200.0,1494000.0,1844700.0,747400.0,996975090.0,3345.0,214261.0,,540.4537811026183,,
Guyana,2019,46600.0,268100.0,315000.0,314700.0,286700.0,,,,,,125000.0,
Guyana,2020,15700.0,70900.0,86500.0,86600.0,77300.0,23964200.0,,,,276.7228637413395,27000.0,
Guyana,2021,27200.0,131200.0,158300.0,158400.0,154000.0,26123850.0,,,,164.92329545454547,21000.0,
Guyana,2022,52800.0,235500.0,288000.0,288300.0,269100.0,50728412.5,,,,175.95703260492542,62000.0,
Haiti,2019,16700.0,269400.0,286000.0,938000.0,286000.0,,,,,,,
Haiti,2020,10000.0,192700.0,203000.0,322000.0,203000.0,101881008.4,,,,316.40064720496895,,
Haiti,2021,9300.0,139100.0,148000.0,148000.0,148000.0,110261085.4,,,,745.0073337837838,,
Honduras,2019,102700.0,621600.0,724000.0,2315000.0,459800.0,558000000.0,1178.0,,,241.03671706263498,,
Honduras,2020,20200.0,184000.0,204000.0,669000.0,128800.00000000001,157188136.824774,1776.0,,,234.9598457769417,,
Honduras,2021,38700.0,420500.0,459000.0,826000.0,327700.0,304957256.971529,,,,369.19764766528937,,
Honduras,2022,72600.0,771800.0,844000.0,1911000.0,478100.0,551515513.562611,1829.0,,,288.6004780547415,,
Hungary,2019,1642000.0,59755000.0,16937000.0,61397000.0,7029100.0,10225000000.0,2324.0,259103.0,2.34,166.53908171409026,5456000.0,13413000.0
Hungary,2020,1450429.0,30190153.0,7417000.0,31641000.0,1840700.0,4220909727.8118696,2029.0,222358.0,2.4294546257452,133.4000103603511,1196000.0,3126000.0
Hungary,2021,2335400.0,34352100.0,7929100.0,36687500.0,2163400.0,5692546902.1454,2260.0,252570.0,2.56613372093023,155.16311828675708,1590000.0,4352000.0
Hungary,2022,2033800.0,44309500.0,12649000.0,46343000.0,4438300.0,9052349603.48956,2230.0,261250.0,2.41285192349022,195.33369880002502,3923000.0,10177000.0
India,2019,1605700.0,9324600.0,17754000.0,17914000.0,8462500.0,31661000000.0,,,,1767.3886345874735,,
India,2020,286000.0,2413000.0,2699000.0,2745000.0,2150000.0,13412939150.1521,31574.0,901527.0,,4886.316630292204,,
India,2021,160000.0,1346000.0,1507000.0,1528000.0,1322000.0,9135594821.89836,137521.91,2326051.55,,5978.79242270835,,
India,2022,645000.0,5729000.0,6374000.0,6437000.0,5328000.0,22410555109.4245,159852.24,,,3481.5216885854434,,
India,2023,965000.0,8440000.0,9405000.0,9521000.0,7476000.0,33881956588.248497,205845.53,,,3558.655245063386,,
India,2024,1029000.0,8795000.0,9824000.0,9952000.0,8214000.0,37019108021.4347,256499.043398876,,,3719.7656773949657,,
Indonesia,2019,3519400.0,12587600.0,15455000.0,16107000.0,9834700.0,18405000000.0,3516.0,1959522.0,1.72,1142.6708884336003,14591000.0,25096520.0
Indonesia,2020,2551700.0,1501200.0,3915400.0,4052800.0,1713600.0,3602376999.7329,3644.0,2091870.0,1.73,888.8612810237121,2615000.0,4523950.0
Indonesia,2021,716500.0,841000.0,1546300.0,1557500.0,137200.0,547815121.789609,3521.0,1739638.0,1.66,351.72720500135404,777000.0,1289820.0
Indonesia,2022,594800.0,5294200.0,5764000.0,5889000.0,3296000.0,7098785513.48814,4104.0,1861574.0,1.64,1205.4313998111973,3639000.0,5967960.0
Ireland,2019,1464000.0,9487000.0,10951000.0,10951000.0,8659000.0,14808000000.0,1903.0,228373.0,,1352.2052780567985,,31856000.0
Israel,2019,450600.0,4101000.0,4552000.0,4905000.0,3968200.0,8378000000.0,429.0,194732.0,2.36,1708.0530071355759,4441000.0,12126000.0
Israel,2022,374500.0,2300500.0,2675000.0,2851000.0,2450100.0,5485800000.0,700.0,235294.0,2.34943379933076,1924.1669589617677,2614500.0,7813300.0
Israel,2023,211000.0,2799000.0,3010000.0,3239000.0,2680500.0,5969600000.0,700.0,232834.0,2.76,1843.0379746835442,3169723.10216839,8741100.0
Israel,2024,87000.0,875000.0,961000.0,974000.0,889800.0,2469800000.0,692.0,220071.0,3.56,2535.728952772074,589441.0,2097100.0
Italy,2019,14875200.0,80523500.0,64513000.0,95399000.0,39396200.0,51910000000.0,,,2.87,544.1356827639703,47377000.0,140561000.0
Italy,2020,6766000.0,18423000.0,25190000.0,38419000.0,9277000.0,20316757807.1358,,,3.45228609609603,528.820578545402,14387445.0,53058859.0
Italy,2021,8326000.0,18562000.0,26888000.0,40186000.0,10600000.0,25354927918.5429,,,3.35264008707713,630.9393300787065,22915817.0,81737103.0
Italy,2022,10259000.0,39552000.0,49811000.0,74317000.0,29042000.0,47100431950.0271,,,3.20647164739067,633.7773584782365,49193898.0,165957812.0
Italy,2023,11321000.0,45929000.0,57250000.0,85328000.0,35814000.0,57919625205.7293,,,3.09966237435253,678.7880321316485,61506242.0,197528313.0
Italy,2024,11247000.0,46478000.0,57725000.0,88264000.0,38587000.0,61433937023.306,,,3.10310213990152,696.0248461808438,67311566.0,216125151.0
Jamaica,2019,94000.0,2586950.0,2681000.0,4234000.0,2681000.0,,1090.0,89707.0,6.11,,1845000.0,11266000.0
Jamaica,2020,33500.0,846860.0,880400.0,1329700.0,880400.0,1256038507.6104999,345.0,67300.0,6.27,944.602923674889,580900.0,3775200.0
Jamaica,2021,14500.0,1449900.0,1464000.0,1535000.0,1464000.0,2095083474.98428,396.0,82999.0,6.23,1364.8752280027884,1020000.0,6466400.0
Jamaica,2022,51400.0,2427000.0,2478400.0,3330700.0,2478400.0,3621373852.68,429.0,87921.0,6.05,1087.2710999729786,1729000.0,10567000.0
Japan,2019,1757400.0,30124600.0,,31882000.0,30644300.0,49209000000.0,29520.0,5537532.0,1.34,1543.472805972022,65786000.0,104756000.0
Japan,2020,216000.0,3899800.0,4115800.0,4115800.0,4278200.0,11395924864.634901,31110.0,6060391.0,1.31422411764958,2768.8237680730117,10763000.0,17994000.0
Japan,2021,18300.0,227500.0,245800.0,245800.0,353000.0,5351584267.84656,30750.0,6008407.0,1.31994943495354,21772.108494086897,1836000.0,3962000.0
Japan,2022,422400.0,3409700.0,3832100.0,3832100.0,4195900.0,10632911261.9673,30360.0,5916089.0,1.33628676022747,2774.6956660753376,8034000.0,15250000.0
Japan,2023,1067334.0,23998666.0,25066000.0,25066000.0,,42006636086.2959,33340.0,6355174.0,1.39631027584236,1675.8412226241082,60275000.0,108303000.0
Jordan,2019,570000.0,3913800.0,4488400.0,5361000.0,,6765000000.0,577.0,88743.0,1.82,1261.8914381645216,2728000.0,4969000.0
Jordan,2020,99231.0,967769.0,1067000.0,1240000.0,,1744647887.32394,584.0,81702.0,1.74,1406.9741026805968,577000.0,1006000.0
Jordan,2021,187116.0,1824884.0,2012000.0,2359000.0,,3426478873.23943,593.0,81731.0,1.99,1452.513299380852,1003000.0,1992000.0
Jordan,2022,397733.1,3878966.9,4276700.0,5049100.0,,6913098591.54929,572.0,82850.0,1.63,1369.1744254519201,2135000.0,3472000.0
Jordan,2023,497178.0,4848822.0,5346000.0,6354000.0,,8625774647.887331,600.0,85053.0,1.62,1357.5345684430802,2652000.0,4285000.0
Jordan,2024,1272948.0,3944052.0,5217000.0,6108000.0,,,651.0,91525.0,1.6,,1929000.0,3087000.0
Kazakhstan,2019,1453400.0,7061500.0,,8515000.0,,2915000000.0,,,,342.3370522607164,,925000.0
Kazakhstan,2020,743200.0,1291500.0,2555564.0,2555564.0,,742993513.04496,,,1.49522547011096,290.7356313694198,245870.0,377765.0
Kazakhstan,2021,719800.0,610400.0,2000314.0,2000314.0,,761230919.6020529,,,1.4787697535196,380.55571255415543,322039.0,507462.0
Kazakhstan,2022,938300.0,3790500.0,6715459.0,6715459.0,,1734305042.29854,,,1.37863355616886,258.25562218435704,895859.0,1317417.0
Kenya,2021,248900.0,621700.0,,871304.0,699200.0,1220600597.7535899,,,,1400.8894688347464,,1577571.0
Kenya,2022,425500.0,1058300.0,,1540978.0,,1861869368.86852,,,,1208.2387736025564,,2813394.0
Kiribati,2019,3300.0,4600.0,7900.0,12000.0,7900.0,,31.0,1074.0,,,,
Kiribati,2020,500.0,900.0,1400.0,1400.0,1400.0,31487.518445296904,22.0,553.0,,22.491084603783502,,
Kiribati,2021,60.0,10.0,70.0,70.0,34.0,14605.6463915418,31.0,743.0,,208.65209130774002,,
Kiribati,2022,1119.0,651.0,1800.0,1770.0,,2667413.20755614,37.0,911.0,,1507.0131116136386,,
Kuwait,2019,37000.0,115600.0,153000.0,152600.0,4277200.0,1198000000.0,84.0,21622.0,1.74,7850.589777195281,153000.0,266000.0
Kuwait,2020,15452.0,71033.0,86485.0,86485.0,1027300.0,526222256.19735503,85.0,21861.0,1.398566225357,6084.549415474996,26473.0,65905.0
Kuwait,2021,20625.0,64346.0,84971.0,84971.0,890300.0,707894511.947238,85.0,21820.0,1.26398418283885,8331.013074428192,8313.0,30137.0
Kuwait,2022,29738.0,58932.0,88670.0,88670.0,,1686988355.89793,85.0,21701.0,1.56644862975076,19025.46922181042,39464.0,85743.0
Kuwait,2023,44908.0,77548.0,122456.0,122456.0,,2500759233.45678,83.0,21549.0,1.15330404390148,20421.696229313224,41210.0,74918.0
Lao People's Democratic Republic,2019,689900.0,4101100.0000000005,4384000.0,4791000.0,1906800.0,974000000.0,2920.0,128880.0,,203.29785013567104,,
Latvia,2019,710800.0,7631600.0,1935000.0,8342000.0,2677200.0,,,,1.8,,1777000.0,3282000.0
Latvia,2020,339800.0,2863700.0,636000.0,3204000.0,653100.0,794642523.7454909,,,2.00072463768116,248.01576895926684,685000.0,1455000.0
Latvia,2021,161000.0,1775800.0,478000.0,1937000.0,838500.0,739312193.217896,,,1.84590163934426,381.67898462462364,430000.0,842000.0
Lithuania,2019,728000.0,2146900.0,2875000.0,6150000.0,1325700.0,,,,1.85,,1572000.0,2907000.0
Lithuania,2020,212000.0,724700.0,936700.0,2284300.0,345900.0,574037837.8034381,,,2.33144129056022,251.29704408503176,501908.0,1103646.0
Lithuania,2021,212800.0,734800.0,947600.0,2095900.0,436800.0,585151116.176052,,,2.24626465054746,279.18847090798795,497306.0,1167348.0
Lithuania,2022,581400.0,1587300.0,2168700.0,4724900.0,1023000.0,1174048362.6519198,,,2.11887540768482,248.48110280681493,1137150.0,2590557.0
Lithuania,2023,725300.0,1679500.0,2404700.0,5530100.0,1071900.0,1702115447.5790699,,,2.11339980534138,307.7910792895372,1348003.0,2957011.0
Lithuania,2024,727600.0,1655700.0,2383300.0,5034500.0,1050100.0,1915528828.19882,,,2.10991307938331,380.48045053109945,1430389.0,3066231.0
Madagascar,2019,40400.0,343200.0,384000.0,486000.0,384000.0,951000000.0,3200.0,82893.0,21.0,1956.79012345679,,
Madagascar,2020,3300.0,65000.0,68300.0,87100.0,68300.0,201200179.422284,3361.0,86113.0,18.0,2309.9905789010795,,
Madagascar,2021,582.0,7173.0,7800.0,7800.0,7800.0,117502584.190728,3527.0,,23.0,15064.433870606154,,
Malawi,2019,421000.0,556000.0,978000.0,977000.0,347300.0,41000000.0,,,,41.96519959058342,,
Malawi,2020,159000.0,39000.0,199000.0,198000.0,38600.0,28181771.6727694,,,,142.33218016550202,,
Malawi,2021,305000.0,126000.0,432000.0,431000.0,136100.0,29216522.862922803,,,,67.7877560624659,,
Maldives,2019,,1703000.0,1703000.0,,1703000.0,3171000000.0,924.0,74792.0,6.3,,,10688000.0
Maldives,2020,,555000.0,555000.0,,555000.0,1408016278.3534598,550.0,63291.0,7.2,,,3985000.0
Maldives,2021,,1322000.0,1322000.0,,1322000.0,3525840885.8501296,929.0,79740.0,8.8,,,10073000.0
Maldives,2022,,1675000.0,1675000.0,,1675000.0,4512573542.37881,1212.0,88699.0,8.0,,,12195000.0
Mali,2019,62000.0,155100.0,217000.0,217100.0,217000.0,235000000.0,800.0,27519.0,2.33,1082.4504836480885,15000.0,35000.0
Mali,2020,5800.0,69300.0,75000.0,75100.0,75000.0,81718474.0966119,832.0,27258.0,2.84,1088.128816199892,7900.0,22400.0
Mali,2021,8800.0,159300.0,168000.0,168100.0,168000.0,191459922.381502,911.0,29563.0,1.23,1138.9644401041166,45800.0,56400.0
Malta,2019,189100.0,2564200.0,2753000.0,3519000.0,2702000.0,,260.0,59590.0,5.9,,1710000.0,10069000.0
Malta,2020,50133.0,608400.0,659000.0,670191.986591647,639987.0,2618098118.23803,263.0,70865.0,4.17216933331633,3906.4897381908813,486246.0,2396244.0
Malta,2021,62831.0,905300.0,968000.0,983742.192961794,943947.0,3195539975.9236603,273.0,70356.0,4.69622424347366,3248.3510403296964,736545.0,3938349.0
Malta,2022,154228.0,2132400.0,2286600.0,2358565.64714912,2231489.0,4412897620.31497,311.0,73260.0,4.52574165137493,1871.0090285801425,1559649.0,7549225.0
Malta,2023,156807.898564683,2824668.17814038,2981500.0,3084507.88611286,2915100.0,5446680520.398589,335.0,73304.0,4.39266962699822,1765.8183157581652,1992637.0,9206833.0
Malta,2024,172462.669883241,3391155.72912429,3563600.0,3657026.78219289,3495000.0,6581845242.71842,356.0,75713.0,4.43860529620752,1799.7804322263398,2278803.0,10605083.0
Martinique,2019,64200.0,492200.0,556000.0,919000.0,517200.00000000006,549000000.0,162.0,12378.0,6.5,597.3884657236126,146000.0,1086000.0
Martinique,2020,46800.0,265500.0,312300.0,523600.0,300200.0,280000000.0,161.0,11952.0,7.0,534.75935828877,73000.0,582000.0
Martinique,2021,44200.0,246700.0,291000.0,312000.0,282100.0,283000000.0,162.0,11452.0,9.0,907.0512820512821,54000.0,517000.0
Martinique,2022,40600.0,515600.0,556000.0,661000.0,522100.0,535000000.0,162.0,11452.0,8.0,809.3797276853253,125000.0,1001000.0
Mauritius,2019,56000.0,1362250.0,1383000.0,1418000.0,1338200.0,2024000000.0,112.0,44513.0,,1427.3624823695345,,
Mauritius,2020,10697.0,304900.0,309000.0,316000.0,279325.0,517598383.36932206,106.0,40275.0,14.52,1637.9695676244369,308980.0,4485000.0
Mauritius,2021,6812.0,173500.0,179800.0,180300.0,178733.0,382952790.757657,111.0,46059.0,12.06,2123.9755449675927,179780.0,2168200.0
Mauritius,2022,28569.0,974500.0,997000.0,1002900.0,990099.0,1650417777.7176101,105.0,43162.0,11.39,1645.6454060400938,997290.0,11363000.0
Mauritius,2023,35000.0,1295000.0,1295000.0,1317000.0,1275000.0,2169681747.72075,107.0,44139.0,11.1,1647.4424811850797,1295410.0,14384000.0
Mauritius,2024,34000.0,1382000.0,1382000.0,1423000.0,1348000.0,,109.0,45543.0,11.16,,1382177.0,15420000.0
Mexico,2019,1890700.0,43133700.0,45024000.0,97406000.0,19634900.0,27126000000.0,23699.0,2508963.0,3.53,278.48387163008437,22614000.0,79893000.0
Mexico,2020,498255.0,23785300.0,24283536.0,51128042.0,8337627.0,12142599224.0,24693.0,2561478.0,3.57,237.49392210247362,9556136.0,34141544.0
Mexico,2021,573603.0,31286800.0,31860392.0,55301421.0,14602112.0,22138069892.0,25201.0,2601984.0,3.65,400.31647454411706,15267289.0,55757862.0
Mexico,2022,1142118.0,37183400.0,38325550.0,65994498.00000001,21329168.0,31257108743.0,25497.0,2643066.0,3.83,473.63204040130734,21306849.0,81633239.0
Mexico,2023,1326000.0,41926000.0,41949428.0,74817746.0,22821343.0,33495504869.999996,26524.0,2670639.0,3.65,447.6946534850167,23167132.0,84512941.0
Mexico,2024,1410000.0,46053000.0,45038754.0,86412484.0,23165256.0,36239253442.0,,,3.75,419.3752078924152,23243383.0,87244646.0
Monaco,2019,98000.0,265000.0,363000.0,363000.0,,,12.0,8020.0,2.5,,363000.0,929000.0
Monaco,2020,23900.0,135400.0,172037.0,172037.0,,,13.0,7450.0,2.52,,172037.0,405690.0
Monaco,2021,30600.0,187800.0,220052.0,220052.0,,,13.0,7940.0,2.54,,220052.0,566537.0
Monaco,2022,69100.0,257899.99999999997,290180.0,290180.0,,,13.0,7853.0,2.52,,290180.0,834400.0
Mongolia,2019,52700.0,524600.0,577000.0,637000.0,,605000000.0,442.0,,,949.7645211930926,,
Mongolia,2020,19738.0,39100.0,58900.0,58900.0,,49415406.919316605,455.0,,,838.9712549968863,,
Mongolia,2021,10935.0,22200.0,33000.0,33000.0,,33815228.836356804,434.0,,,1024.7039041320243,,
Mongolia,2022,27550.0,258700.0,286000.0,286000.0,,260819500.85452598,442.0,,,911.9562966941468,,
Mongolia,2023,35000.0,559000.0,594000.0,594000.0,,584659019.615747,532.0,,,984.2744437975539,,
Mongolia,2024,61000.0,666000.0,727000.0,727000.0,,737000000.0,548.0,,,1013.7551581843192,,
Montserrat,2019,1000.0,9400.0,10400.0,19300.0,4000.0,12600000.0,,,,652.8497409326425,3200.0,
Montserrat,2020,300.0,4200.0,4500.0,7700.0,1900.0,10035954.0740741,,,,1303.3706589706624,1100.0,
Montserrat,2021,230.0,1361.0,1600.0,1600.0,1600.0,4229592.96296296,,,,2643.49560185185,300.0,
Morocco,2019,1416800.0,11515500.0,12932000.0,13109000.0,9081500.0,9949000000.0,4229.0,397206.0,3.1,758.944236783889,5606000.0,17406000.0
Mozambique,2019,202400.0,1830500.0,2019000.0,2033000.0,843000.0,324000000.0,2188.0,93326.0,1.66,159.37038858829317,229000.0,388000.0
Mozambique,2020,108000.0,850600.0,952000.0,959000.0,434000.0,112976867.0519,2188.0,93326.0,2.0,117.80695208748696,100000.0,230000.0
Mozambique,2021,51500.0,497200.0,492000.0,549000.0,219900.0,187862615.090474,2707.0,113029.0,2.0,342.19055572035336,98000.0,228000.0
Myanmar,2019,281900.0,4082200.0,4364000.0,4364100.0,1792400.0,2501000000.0,1984.0,239565.0,,573.0849430581334,,26185000.0
Myanmar,2020,74285.0,829100.0,903000.0,903000.0,330373.0,,2204.0,269196.0,,,,5420000.0
Myanmar,2021,12533.0,118400.0,131000.0,131000.0,18558.0,,2269.0,276228.0,,,,786000.0
Myanmar,2022,44399.0,189100.0,233000.0,233000.0,90859.0,,2331.0,284580.0,,,,2568000.0
Namibia,2019,197100.0,1398900.0,1596000.0,1651000.0,683600.0,451000000.0,,,,273.167777104785,,
Namibia,2020,33040.0,136500.0,169600.0,187200.0,79801.0,131411848.75487201,,,,701.9863715538035,,
Namibia,2021,66347.0,166400.0,232800.0,261399.99999999997,98364.0,131178817.484073,,,,501.83174247923876,,
Namibia,2022,70124.0,390900.0,461000.0,528000.0,214327.0,286531127.57314897,,,,542.672590100661,,
Namibia,2023,136000.0,864000.0,864000.0,1012000.0,190000.0,354787416.589029,,,,350.58045117492986,,
Nepal,2019,,1197200.0,1197000.0,,995900.0,801000000.0,1289.0,,12.7,,,
Nepal,2020,,230100.0,230000.0,,183100.0,237636733.688613,1313.0,,15.1,,,
Nepal,2021,,151000.0,151000.0,,150600.0,176593668.846025,1345.0,,15.5,,,
Nepal,2022,,614800.0,614800.0,,592600.0,438273527.784894,1401.0,,13.1,,,
New Caledonia,2019,17100.0,113600.0,131000.0,474000.0,131000.0,,,,,,,
New Caledonia,2020,2575.0,31109.0,32136.000000000004,80136.0,83121.0,,,,,,,
New Caledonia,2021,3164.0,13825.0,13825.0,13825.0,24354.0,,,,,,,
New Caledonia,2022,7690.0,78748.0,78748.0,138748.0,156130.0,,,,,,,
New Caledonia,2023,10770.0,125097.0,125097.0,125097.0,243791.0,,,,,,,
New Caledonia,2024,5920.0,59399.0,59399.0,59399.0,163849.0,,,,,,,
New Zealand,2019,498600.0,3389800.0,3702000.0,3888000.0,3827400.0,,,,,,,
New Zealand,2020,101800.0,894500.0,948612.0,996350.0,965700.0,5685638719.457069,2502.0,,,5706.467325194028,,929000.0
New Zealand,2021,22400.0,184500.0,204882.0,206832.0,205000.0,2874537786.4111,2499.0,,,13897.93545684952,,1248000.0
New Zealand,2022,144100.0,1289800.0,1389056.0,1433832.0,1426300.0,4095509932.14374,2439.0,,,2856.3387706117173,,4134000.0
Nicaragua,2019,221500.0,1073800.0,1295000.0,1455000.0,410000.0,,1101.0,37815.0,2.4,,217000.0,569000.0
Nicaragua,2020,36600.0,347400.0,384000.0,474000.0,118200.0,198500000.0,1075.0,37178.0,2.3,418.7763713080169,109000.0,431000.0
Nicaragua,2021,23700.0,198700.0,222400.0,312400.0,88200.0,183800000.0,1106.0,35402.0,2.6,588.348271446863,85000.0,518000.0
Nicaragua,2022,70300.0,747600.0,817900.0,932700.0,485300.0,595600000.0,1000.0,34360.0,2.9,638.5761766913263,92200.0,551700.0
Niger,2019,96100.0,96100.0,192000.0,192200.0,192000.0,130000000.0,198.0,8955.0,2.23,676.378772112383,,
Niger,2020,42700.0,42700.0,85000.0,85400.0,85000.0,96616021.8701817,197.0,8746.0,1.84,1131.3351507047037,,
Northern Mariana Islands,2019,0.0,487000.0,484000.0,487000.0,483700.0,,52.0,,,,,
Northern Mariana Islands,2020,0.0,89000.0,87000.0,89000.0,86800.0,,48.0,,,,,
Northern Mariana Islands,2021,0.0,12700.0,12200.0,12700.0,12200.0,,23.0,,,,,
Northern Mariana Islands,2022,0.0,96600.0,96100.0,96600.0,96100.0,,68.0,,,,,
Oman,2019,411300.0,3095100.0,2500000.0,3506000.0,,3193000000.0,491.0,,,910.7244723331432,,
Oman,2020,99400.0,769200.0,622400.0,868600.0,,722491547.4642401,548.0,,4.14289486439239,831.788564890905,410150.0,6145000.0
Oman,2021,78300.0,573400.0,464000.0,652000.0,,786889466.840052,612.0,,4.40496191020685,1206.885685337503,287004.0,6841000.0
Oman,2022,308200.0,2612200.0,2105580.8680976904,2982316.86025741,,1960621014.1004999,674.0,,5.3527887339689,657.4153941279313,1296780.06482483,15607000.0
Palau,2019,,94000.0,94000.0,,94000.0,,,,,,,496000.0
Palau,2020,,18000.0,18400.0,,18000.0,40585000.0,,,,,,99000.0
Panama,2019,224700.0,1530400.0,1753000.0,2494000.0,1848000.0,7051000000.0,946.0,101316.0,8.0,2827.185244587009,1432000.0,6139000.0
Panama,2020,34100.0,387300.0,414000.0,647000.0,416000.0,1853329766.79,1002.0,106680.0,8.0,2864.4973211591964,350000.0,1571000.0
Panama,2021,39800.0,625600.0,618000.0,804000.0,665400.0,3611089724.19,1097.0,107442.0,8.0,4491.405129589552,,
Panama,2022,279700.0,1240500.0,1488000.0,1946000.0,1520200.0,7381125893.24,987.0,,8.0,3792.973223658787,,
Papua New Guinea,2019,117000.0,94000.0,160000.0,211000.0,160000.0,4700000.0,,,,22.274881516587676,,
Papua New Guinea,2020,31500.0,7400.0,39000.0,39000.0,39000.0,1530642.09866442,,,,39.24723329908769,,
Papua New Guinea,2021,15000.0,1800.0,17000.0,17000.0,17000.0,1536771.0150000001,,,,90.398295,,
Papua New Guinea,2022,51700.0,17600.0,66800.0,69400.0,66800.0,4257023.58296996,,,,61.34039744913487,,
Paraguay,2019,231000.0,984600.0,1216000.0,4368000.0,228200.0,983000000.0,987.0,53374.0,3.5,225.04578754578753,,
Paraguay,2020,47888.0,204200.0,252000.0,1077000.0,46016.0,212503827.868165,636.0,37598.0,3.5,197.31088938548282,,
Paraguay,2021,18021.0,76800.0,95000.0,571000.0,30083.0,102447829.979628,557.0,33803.0,3.5,179.41826616397196,,
Paraguay,2022,110099.0,469360.0,579400.0,1548300.0,72322.0,475195116.662683,743.0,42215.0,3.5,306.9141100966757,,
Paraguay,2023,164000.0,700000.0,864000.0,1930000.0,102000.0,654303401.658551,,,,339.0173065588347,,
Paraguay,2024,202000.0,859000.0,1061000.0,2233000.0,129000.0,779860170.2992741,,,,349.24324688727006,,
Peru,2019,114200.0,4257500.0,4372000.0,5275000.0,2736500.0,4703000000.0,23908.0,852562.0,1.33,891.5639810426541,8265000.0,14796000.0
Peru,2020,23500.0,873100.0,897000.0,1119000.0,530000.0,1002011687.54966,16893.0,641549.0,2.03,895.4528038870956,1779000.0,3415000.0
Peru,2021,11300.0,433000.0,444000.0,444000.0,444300.0,1042226964.4344699,23083.0,800006.0,1.29,2347.358028005563,2056000.0,3573000.0
Peru,2022,58600.0,1950700.0,2009300.0,2278500.0,1489700.0,3027423022.91599,24819.0,841578.0,1.29,1328.6912542971208,5033000.0,9123000.0
Philippines,2019,351700.0,7747600.0,8261000.0,8099300.0,8099200.0,11455000000.0,2764.0,366048.0,2.09,1414.3197560282988,,
Philippines,2020,47225.0,1410100.0,1483000.0,1508000.0,1457334.0,2499226200.74549,4928.0,514287.0,13.13,1657.3118042078847,,
Philippines,2021,16324.000000000002,151000.0,164000.0,164000.0,163879.0,953471745.2027789,5716.0,637119.0,9.55,5813.852104894993,,
Philippines,2022,217124.0,1678680.0,2654000.0,2654000.0,2653858.0,5238458319.33578,6758.0,,5.05,1973.7974074362396,,
Poland,2019,5036000.0,16122000.0,21158000.0,88515000.0,8976600.0,16011000000.0,,,2.62,180.88459583121505,6582000.0,15090000.0
Poland,2020,1976000.0,8418000.0,8418000.0,51076000.0,2617500.0,8848000000.0,,,2.87071266449664,173.23204636228365,2216940.0,6479829.0
Poland,2021,2326000.0,9722000.0,9722000.0,51026000.0,3005500.0,10150000000.0,,,2.82444121776149,198.91819856543722,2458638.0,7026143.0
Poland,2022,3402000.0,15948000.0,15948000.0,71815000.0,6396800.0,16414000000.0,,,2.61919445522549,228.55949314210125,5790319.0,14586526.0
Poland,2023,3798000.0,18987000.0,18987000.0,77665000.0,,17550000000.0,,,2.55531078960719,225.9705143887208,6979135.0,16752980.0
Poland,2024,3886000.0,19723000.0,19723000.0,76905000.0,,16837000000.0,,,2.50749038966147,218.9324491255445,7771103.0,18131401.0
Republic of Korea,2019,252700.0,17250100.0,,17503000.0,15739800.0,25456000000.0,,,,1454.3792492715534,,
Republic of Korea,2020,46100.0,2473100.0,2519200.0,2522200.0,2240500.0,11523700000.0,,,,4568.908096106574,,
Republic of Korea,2021,40000.0,927000.0,967000.0,967000.0,674000.0,11431600000.0,,,,11821.716649431231,,
Republic of Korea,2022,107900.0,3090100.0,3198000.0,3198000.0,2878800.0,14967000000.0,,,,4680.112570356473,,
Romania,2020,287000.0,165000.0,5022700.0,5022700.0,729900.0,1619259991.9849398,,,2.26647518749003,322.388355264089,453000.0,995000.0
Romania,2021,444000.0,394000.0,6788900.0,6788900.0,1151800.0,3524779560.98856,,,2.22355864811133,519.1974489222938,869000.0,1902000.0
Romania,2022,819000.0,761000.0,12696800.0,12696800.0,2546800.0,5035662312.4057,,,2.14225941422594,396.6087764165538,1656000.0,3624000.0
Romania,2023,968000.0,991000.0,14777000.0,14777000.0,,5691824416.90192,,,2.12921798702718,385.18132346903434,2095000.0,4451000.0
Romania,2024,1072000.0,1107000.0,13353000.0,13353000.0,,6154642157.5266905,,,2.43717298559124,460.91830731121775,452000.0,4926000.0
Rwanda,2019,417000.0,1216000.0,1544000.0,1634000.0,279800.0,635900000.0,722.0,40596.0,,389.16768665850674,,
Rwanda,2020,195800.0,301600.0,460000.0,497000.0,80200.0,212292872.871116,807.0,42753.0,,427.1486375676379,,
Rwanda,2021,342400.0,168500.0,480000.0,511000.0,109100.0,284313925.571944,888.0,49272.0,,556.3873298863874,,
Réunion,2019,40900.0,492700.0,533600.0,601000.0,534000.0,459000000.0,181.0,9425.0,9.0,763.7271214642263,171000.0,1203000.0
Réunion,2020,14000.0,202700.0,216700.0,255100.0,217000.0,181000000.0,184.0,9219.0,15.8,709.5256762054097,57400.0,907000.0
Réunion,2021,21500.0,229300.0,251000.0,250800.0,251000.0,227000000.0,,9329.0,18.0,905.103668261563,71000.0,1278000.0
Réunion,2022,40800.0,454600.0,495000.0,495400.0,495000.0,439000000.0,,9110.0,21.95,886.1526039563988,66000.0,1449000.0
Saint Kitts and Nevis,2019,21300.0,98800.0,120000.0,1107000.0,120000.0,,,,,,,
Saint Kitts and Nevis,2020,4200.0,25600.0,30000.0,301400.0,30000.0,107159990.37037,,,,355.5407776057399,,
Saint Kitts and Nevis,2021,2000.0,18200.0,20200.0,122600.0,20200.0,151862310.37037,,,,1238.6811612591355,,
Saint Lucia,2019,15600.0,408200.0,424000.0,1220000.0,378000.0,,170.0,,8.1,,354000.0,2867400.0
Saint Lucia,2020,2900.0,127800.0,130699.99999999999,432500.0,123000.0,340377930.0,169.0,,8.85,787.0009942196532,113000.0,1000050.0
Saint Lucia,2021,4100.0,195300.0,199000.0,297000.0,197900.0,569057651.851852,169.0,,8.89,1916.0190298042157,182000.0,1617980.0
Saint Lucia,2022,5400.0,350800.0,356000.0,714000.0,342100.0,1083329221.85185,170.0,,8.9,1517.2678177196779,306000.0,2723400.0
Saint Vincent and the Grenadines,2019,16900.0,67000.0,84000.0,399000.0,85600.0,246000000.0,,,,616.5413533834586,30000.0,
Saint Vincent and the Grenadines,2020,3800.0,22800.0,27000.0,155000.0,27200.0,90031704.4444445,,,,580.8497060931903,13000.0,
Saint Vincent and the Grenadines,2021,3800.0,20500.0,24200.0,56700.0,24400.0,62080204.074074104,,,,1094.8889607420476,12000.0,
Saint Vincent and the Grenadines,2022,8000.0,51100.0,59000.0,210000.0,59400.0,183309676.296296,,,,872.9032204585524,24000.0,
Samoa,2019,13300.0,167500.0,172000.0,181000.0,174000.0,206100000.0,,,,1138.6740331491712,67000.0,
Samoa,2020,1300.0,22600.0,23100.0,23900.0,20500.0,23311473.326601997,,,,975.3754529958994,6100.0,
Samoa,2021,0.0,2600.0,2600.0,2600.0,1100.0,168432.357334735,,,,64.78167589797499,600.0,
Samoa,2022,3300.0,47300.0,49400.0,50600.0,47200.0,57680004.999919,,,,1139.9210474292292,11500.0,
Sao Tome and Principe,2021,5200.0,9900.0,15100.0,15100.0,15100.0,29949979.6498053,,,,1983.4423609142582,,
Saudi Arabia,2019,3164600.0,14361000.0,17526000.0,20292000.0,14081400.0,19849000000.0,7564.0,1700664.0,4.3,978.1687364478612,14873000.0,164526000.0
Saudi Arabia,2020,771943.9,3366234.34,4138178.25,4881780.24,3226764.71,4645393853.33333,3972.0,946272.0,5.19914887022832,951.5778312325936,3327550.44,30446967.0
Saudi Arabia,2021,1013111.29,2464105.0100000002,3477216.3099999996,3869165.88,2424048.2600000002,4639269340.566211,4447.0,1057566.0,4.64498803482304,1199.0360414752265,2131778.69,16081346.0
Saudi Arabia,2022,1666692.64,14971167.94,16637860.58,18255592.5,9490643.51,28245149174.0163,5001.0,1262478.0,6.05536289726074,1547.2052837516121,10956754.7,153743847.0
Saudi Arabia,2023,1864620.0,25558916.0,27423536.0,30125401.0,16963221.0,40866093387.0194,5317.0,1442643.0,6.76029900329942,1356.5327607429824,20976205.0,296196916.0
Saudi Arabia,2024,1975770.0,27751673.0,29727443.0,33479095.999999996,19119689.0,46338372533.0838,5351.0,1546329.0,7.68610853436452,1384.0986785629996,23300885.0,374838218.0
Seychelles,2019,8700.0,375500.0,384000.0,428000.0,371900.0,884000000.0,697.0,18888.0,9.43,2065.4205607476633,326000.0,2880000.0
Seychelles,2020,1900.0,112900.0,114900.0,124500.0,108300.0,334258282.743328,712.0,8169.0,8.7,2684.805483882152,94000.0,559000.0
Seychelles,2021,1900.0,181000.0,183000.0,183000.0,182300.0,594563388.277752,776.0,20971.0,10.0,3248.9802638128526,166000.0,1568000.0
Seychelles,2022,6200.0,325800.0,332000.0,339000.0,330500.0,963984026.894329,815.0,21738.0,9.9,2843.6106988033303,308000.0,2542000.0
Sierra Leone,2019,26600.0,36500.0,63000.0,71000.0,63000.0,,119.0,7355.0,7.0,,,442000.0
Sierra Leone,2020,7600.0,16800.0,24000.0,26000.0,24000.0,38667347.4516542,148.0,10361.0,7.0,1487.2056712174694,,171000.0
Sierra Leone,2021,14000.0,26300.0,40000.0,44000.0,40000.0,22506825.3433714,200.0,8818.0,7.0,511.5187578038954,,282000.0
Singapore,2019,2460500.0,16655500.0,15119000.0,19116000.0,14876600.0,,424.0,,3.36,,10131000.0,34040160.0
Slovenia,2019,559700.0,4142300.0,4702000.0,4702000.0,1500000.0,3353100000.0,550.0,89516.0,2.53,713.1220757124628,2758000.0,6126000.0
Slovenia,2020,144756.0,1071357.88484084,1216000.0,1216000.0,387874.0,1460446241.5651898,616.0,88988.0,2.80591000671592,1201.0248697082154,640000.0,1562000.0
Slovenia,2021,146653.869914739,1685791.73490854,1832000.0,1832000.0,280887.50373080303,2041465188.8713899,758.0,84007.0,2.66039654295882,1114.3368934887499,881000.0,2102000.0
Slovenia,2022,314975.537265647,3620655.6139943902,3936000.0,3936000.0,603276.0,3181057370.8565097,811.0,86846.0,2.47385728378823,808.1954702379344,2055000.0,4782000.0
Slovenia,2023,373000.0,4285482.469751241,4658000.0,4658000.0,714000.0,3631066239.14054,816.0,88430.0,2.40853658536585,779.533327423903,2498000.0,5591000.0
Slovenia,2024,404000.0,4649091.55350977,5054000.0,5054000.0,775000.0,3672618917.94776,835.0,88640.0,2.36554860716316,726.6756861788208,2748000.0,6053000.0
Solomon Islands,2019,7300.0,21600.0,28900.0,28900.0,28900.0,82000000.0,,,,2837.370242214533,,
Solomon Islands,2020,1040.0,3380.0,4400.0,4420.0,4400.0,7509993.27109195,,,,1699.0935002470476,,
South Africa,2019,275200.0,9953300.0,10227500.0,14797000.0,3006300.0,9064000000.0,3023.0,,,612.5565993106711,,
South Africa,2020,110635.0,2691700.0,2802000.0,3886000.0,773812.0,2716592202.25812,3295.0,,,699.071590905332,,
South Africa,2021,194076.0,2061600.0,2256000.0,2664000.0,605627.0,2191792683.3115196,3189.0,,,822.7450012430629,,
South Africa,2022,263020.0,5435000.0,5698000.0,7342000.0,1837649.0,4962397626.13913,3504.0,,,675.891804159511,,
South Africa,2023,298000.0,8185000.0,8483000.0,11302000.0,2509000.0,5959500445.46613,,,,527.2960932105938,,
South Africa,2024,276000.0,8643000.0,8919000.0,11422000.0,2674000.0,6722889282.2879095,,,,588.5912521701899,,
Spain,2019,6112700.0,77396500.0,83509000.0,126170000.0,68691900.0,,33583.0,2880740.0,3.15,,55982000.0,223386000.0
Spain,2020,1565465.0,17367600.0,18933000.0,36410000.0,13657664.0,18380414701.381104,35053.0,2894548.0,2.66625227673538,504.81776164188693,10894000.0,41072000.0
Spain,2021,2270304.0,28910500.0,31181000.0,51631000.0,24431890.0,34176155987.013504,35165.0,2918313.0,2.84577761675779,661.9309327151034,20451000.0,82107000.0
Spain,2022,4952511.0,66706800.0,71659000.0,104968000.0,59307849.0,72083329486.3503,36807.0,2934665.0,3.11392663439669,686.7171851073689,49568000.0,200329000.0
Spain,2023,4973067.49958168,80195982.47311771,85169050.0,125750425.0,69564231.40752919,92144280110.5462,55516.0,4259987.0,3.24824041907784,732.7552182073835,68632250.0,280662496.0
Spain,2024,5253195.41783694,88506101.4367087,93759297.0,137640110.0,77119787.1470598,106656535197.297,56471.0,4303934.0,3.27010231370084,774.8942891523191,73766842.0,299536376.0
Sri Lanka,2019,225700.0,1687900.0,1914000.0,2027000.0,1814900.0,4663000000.0,2620.0,119887.0,10.4,2300.444005920079,,15137000.0
Sri Lanka,2020,19900.0,487800.0,508000.0,540000.0,479600.0,1076407486.84059,3019.0,127860.0,8.5,1993.3471978529444,,3576000.0
Sri Lanka,2021,5000.0,189000.0,194000.0,195000.0,194000.0,614904538.7,3656.0,141579.0,15.1,3153.356608717949,,
Sri Lanka,2022,46900.0,673100.0,720000.0,758800.0,716700.0,1356808605.0515702,3829.0,139544.0,9.3,1788.0977926351743,,
Taiwan Province of China,2019,921400.0,10942700.0,,11864000.0,11193000.0,17102000000.0,,,,1441.503708698584,,
Taiwan Province of China,2020,86000.0,1291260.0,1377900.0,1377900.0,1331294.0,2346000000.0,,,8.29,1702.5908991944264,1262000.0,10464000.0
Taiwan Province of China,2021,12000.0,128964.0,140400.0,140400.0,127719.0,860000000.0,,,34.61,6125.356125356126,49000.0,1696000.0
Taiwan Province of China,2022,104000.0,791622.0,895900.0,895900.0,875907.0,3381000000.0,,,13.79,3773.858689585891,452000.0,6232000.0
Taiwan Province of China,2023,497000.0,5990000.0,6487000.0,6487000.0,6317000.0,,,,7.39,,5515000.0,40739000.0
Taiwan Province of China,2024,576000.0,7282000.0,7858000.0,7858000.0,7599000.0,,,,6.98,,6836000.0,47736000.0
Thailand,2019,2043500.0,37872800.0,39916000.0,39916300.0,33481600.0,64371000000.0,20293.0,,2.26,1612.6494690139116,61250000.0,138425000.0
Thailand,2020,241800.0,6483300.0,6725000.0,6725100.0,5625400.0,14572440917.1178,20604.0,,,2166.873491415414,11640000.0,
Thailand,2021,44400.0,466300.0,511000.0,510700.0,510800.0,5275594884.59391,20631.0,,,10330.125092214432,1050900.0,
Togo,2019,507100.0,369200.0,876000.0,876300.0,517000.0,264000000.0,600.0,15576.0,1.3,301.2666894899007,876000.0,1085000.0
Tonga,2019,3800.0,63500.0,67300.0,94000.0,67300.0,57100000.0,149.0,3209.0,,607.4468085106383,,
Tonga,2020,400.0,8600.0,9000.0,11500.0,9000.0,47660260.7421578,164.0,3199.0,,4144.37049931807,,
Tonga,2021,0.0,200.0,200.0,200.0,200.0,9143032.36690037,154.0,3199.0,,45715.16183450185,,
Tonga,2022,700.0,17700.0,18400.0,22300.0,18400.0,9978316.081003292,,,,447.45812022436286,,
Trinidad and Tobago,2019,82000.0,306600.0,388600.0,481500.0,388600.0,481000000.0,590.0,,,998.9615784008307,,
Trinidad and Tobago,2020,14000.0,95000.0,95300.0,141100.0,95280.0,151812594.641841,590.0,,,1075.9220031314032,,
Trinidad and Tobago,2021,8000.0,41000.0,40600.0,41100.0,40621.0,116839227.38894999,590.0,,,2842.8035861058393,,
Trinidad and Tobago,2022,30000.0,227000.0,226500.0,253300.0,226489.0,505566278.348674,590.0,,,1995.9189828214528,,
Trinidad and Tobago,2023,41000.0,309000.0,309000.0,448000.0,309000.0,720852499.676684,590.0,,,1609.0457582068839,,
Trinidad and Tobago,2024,38000.0,334000.0,334000.0,486000.0,334000.0,755459584.226341,590.0,,,1554.4435889430886,,
Tuvalu,2019,2200.0,1500.0,3700.0,3700.0,3600.0,8700000.0,,,,2351.3513513513512,,
Tuvalu,2020,400.0,200.0,600.0,600.0,600.0,2029364.0563811702,,,,3382.2734273019505,,
Tuvalu,2021,20.0,20.0,40.0,40.0,40.0,958680.263959763,,,,23967.006598994074,,
Tuvalu,2022,123.0,121.0,244.0,244.0,244.0,1521413.81527195,,,,6235.3025216063525,,
Türkiye,2019,1986100.0,49873900.0,51192000.0,51747000.0,39828900.0,45789000000.0,11898.0,2170049.0,2.61,884.8628906023538,38102000.0,131480000.0
Türkiye,2020,662000.0,15164000.0,15894000.0,15971000.0,11765000.0,17736000000.0,12570.0,2255589.0,2.28,1110.5128044580804,12638000.0,39788000.0
Türkiye,2021,1102400.0,28255000.0,29925000.0,30039000.0,23573100.0,35209000000.0,13968.0,2388057.0,2.49,1172.1095908652085,28253000.0,92503000.0
Türkiye,2022,1665900.0,49703100.0,50453000.0,51388000.0,37984900.0,62253000000.0,19564.0,2561542.0,2.56,1211.4306842064295,45902000.0,147161000.0
Uganda,2019,630900.0,911700.0,1543000.0,1542600.0,586200.0,1400000000.0,,,8.3,907.5586671852716,,
Uganda,2020,302900.0,170200.0,473000.0,473100.0,78900.0,576820000.0,,,,1219.2348340731346,,
Uganda,2021,128199.99999999999,384700.0,513000.0,512900.0,99000.0,999140000.0,,,,1948.021056736206,,
Ukraine,2019,48000.0,13389800.0,13438000.0,13710000.0,2742700.0,2595000000.0,3165.0,254868.0,2.04,189.27789934354485,896000.0,1832000.0
Ukraine,2020,14290.0,3126800.0,3141000.0,3382000.0,702800.0,669000000.0,2902.0,241043.0,1.98,197.81194559432288,248000.0,491000.0
Ukraine,2021,40257.0,3932900.0,3973000.0,4272000.0,1430400.0,1387000000.0,,,,324.67228464419475,,
Ukraine,2022,2429.0,2170800.0,2173000.0,2307000.0,145600.0,849000000.0,,,,368.0104031209363,,
Ukraine,2023,101306.0,2345694.0,2346000.0,2447000.0,,908000000.0,,,,371.06661217817737,,
Ukraine,2024,459.0,2481873.0,2482000.0,2552000.0,,1172000000.0,,,,459.2476489028213,,
United Arab Emirates,2019,6080200.0,19201400.0,21561000.0,25282000.0,17636200.0,38413300000.0,1136.0,549579.0,3.13,1519.3932442053635,18686000.0,65401200.0
United Arab Emirates,2020,2370500.0,5713700.0,7165000.0,8084000.0,5962500.0,24615400000.0,1089.0,540771.0,3.66,3044.952993567541,6102100.0,21357200.0
United Arab Emirates,2021,3748700.0,9035500.0,11479000.0,12784000.0,9460400.0,34440000000.0,1144.0,599224.0,4.0,2693.9924906132665,9041000.0,36197000.0
United Kingdom of Great Britain and Northern Ireland,2019,9269000.0,31588000.0,39418000.0,40857000.0,32137200.0,,,,,,21697000.0,
United Kingdom of Great Britain and Northern Ireland,2020,,,10714000.0,11101000.0,,29346948512.685,,,,2643.6310704157286,,
United Kingdom of Great Britain and Northern Ireland,2021,1287510.81190722,4999025.18283394,6287000.0,6384000.0,4873462.92046174,37790487823.921196,,,,5919.562629060338,,
United Kingdom of Great Britain and Northern Ireland,2022,5301156.149780121,25439788.798813302,30741000.0,31244000.0,24788999.8312655,67598631672.31809,,,5.45549758540271,2163.571619265078,16296000.0,88902788.65
United Kingdom of Great Britain and Northern Ireland,2023,6564261.29102866,30650543.430695202,37214804.7217239,37959471.768300295,30372369.4263817,73509466571.396,,,,1936.5250133112565,,
United Kingdom of Great Britain and Northern Ireland,2024,6929136.40372023,31300431.4904586,38229567.894179,39031302.4854936,31900678.1095435,84546894223.7117,,,,2166.1304860409014,,
United Republic of Tanzania,2019,64599.99999999999,1462200.0,1443000.0,1527000.0,936000.0,2624500000.0,,,,1718.7295350360184,,
United Republic of Tanzania,2020,19500.0,601400.0,592000.0,621000.0,366100.0,725756470.261154,,,,1168.6899682144187,,
United Republic of Tanzania,2021,92700.0,934200.0,922700.0,1027000.0,609900.0,1324373765.93074,,,,1289.5557603999416,,
United States of America,2019,6988000.0,33405000.0,79442000.0,165478000.0,50253100.0,239065000000.0,57327.0,,9.73,1444.6935544301962,30699000.0,298698000.0
United States of America,2020,1625100.0,5968800.0,19212120.0,44792120.0,10932649.0,84297000000.0,58103.0,,9.51,1881.9604876929245,5339000.0,50770000.0
United States of America,2021,1128500.0,8046400.0,22280147.0,66773447.0,13735582.0,84506000000.0,,,12.16,1265.5629415087708,4404000.0,53553000.0
Uruguay,2019,220900.0,2999700.0,3059000.0,3480000.0,600000.0,2341000000.0,,48874.0,4.47,672.7011494252873,1364000.0,6088000.0
Uruguay,2021,18700.0,214800.0,,233000.0,,620283270.75319,,,,2662.1599603141203,85000.0,
Uzbekistan,2019,128400.0,6620100.0,,6749000.0,656700.0,1711000000.0,1141.0,64649.0,2.21,253.5190398577567,1094000.0,2357000.0
Vanuatu,2019,8000.0,112600.0,120600.0,256000.0,120600.0,246000000.0,,,,960.9375,,
Vanuatu,2020,1100.0,20900.0,22000.0,82400.0,22000.0,58476797.5230918,,,,709.6698728530558,,
Vanuatu,2022,1800.0,28600.0,30000.0,65000.0,30300.0,45926274.218029395,,,,706.55806489276,,
Zambia,2019,580400.0,686000.0,1266000.0,1266400.0,326500.0,,1138.0,91309.0,3.8,,,
Zambia,2020,214600.0,286900.0,502000.0,501500.0,89200.0,411556400.339816,1094.0,88652.0,,820.6508481352263,,
Zambia,2021,211100.0,343200.0,554000.0,554300.0,105600.0,392996925.13571197,1067.0,78326.0,,708.9967980077791,,
Zimbabwe,2019,220600.0,2073699.9999999998,,2294000.0,320800.0,285000000.0,97.0,19834.0,3.0,124.23714036617262,286000.0,572000.0
Zimbabwe,2020,100600.0,538700.0,,639000.0,77300.0,65340516.96509999,95.0,21768.0,3.0,102.25433014882627,80000.0,159000.0
Zimbabwe,2021,105700.0,275100.0,,381000.0,147400.0,17544156.0,95.0,21768.0,3.0,46.047653543307085,48000.0,144000.0
Zimbabwe,2022,174400.0,869400.0,,1044000.0,367000.0,264264625.00000003,75.0,21646.0,3.0,253.12703544061304,131000.0,393000.0
